ID,age,workclass,fnlwgt,education_cat,marital_status,occupation,relationship,race,gender,capital_gain,capital_loss,hour_per_week,native_country,native_country,
9364,38,4,197077,9,0,2,2,0,0,0,0,40,0,0,
25668,31,4,101761,9,0,1,2,0,0,0,0,51,0,0,
13316,26,4,152855,9,2,4,1,4,1,0,0,40,20,20,
28750,50,2,99894,3,2,0,3,1,1,0,0,15,0,0,
30619,35,4,412379,9,2,2,3,0,1,0,0,40,0,0,
1484,26,4,256263,9,2,1,3,0,0,0,0,25,0,0,
17193,18,4,95917,9,2,2,1,0,0,0,0,25,1,1,
29052,20,4,122971,10,2,3,1,0,0,0,0,35,0,0,
17951,57,3,368797,9,0,4,2,0,0,0,0,40,0,0,
14864,38,4,194538,11,0,7,2,0,0,0,0,48,0,0,
31146,28,4,194200,9,0,4,2,0,0,0,0,70,0,0,
14757,82,4,132870,9,3,4,3,0,1,0,4356,18,0,0,
22055,22,4,333158,9,2,7,3,0,1,0,0,48,0,0,
18639,36,4,469056,9,1,3,5,3,1,0,0,25,0,0,
3350,36,4,166988,13,0,5,0,0,1,0,0,40,0,0,
29286,66,4,113323,13,0,5,2,0,0,20051,0,40,0,0,
8009,20,4,138107,9,2,6,1,3,0,0,0,35,0,0,
1369,52,4,152234,9,0,4,2,1,0,99999,0,40,8,8,
10672,17,4,33138,8,2,3,1,0,0,0,0,40,0,0,
31062,22, ?,243190,10,2, ?,1,1,0,0,0,40,11,11,
28947,56,4,282023,14,0,5,2,0,0,0,0,40,0,0,
22544,28,5,168524,14,0,5,0,0,1,7688,0,35,0,0,
20842,51,4,29887,9,1,4,3,0,0,0,0,44,0,0,
32352,60,4,36077,4,4,7,3,0,0,0,0,40,0,0,
21335,27,4,83517,9,2,10,1,0,0,0,0,60,0,0,
23053,68,4,170376,13,0,4,2,0,0,0,0,40,0,0,
17702,28,4,223751,10,0,8,2,0,0,0,0,40,0,0,
19330,33,4,58582,9,0,7,2,0,0,0,0,40,0,0,
9408,42,4,175935,9,1,10,3,0,0,0,1980,46,0,0,
4786,25,4,228608,10,2,1,4,1,1,0,0,40,3,3,
31329,31,4,59083,9,0,2,2,0,0,0,0,35,0,0,
29352,69,2,185039,9,0,4,2,0,0,9386,0,12,0,0,
22468,48,4,166809,13,4,4,3,0,1,0,0,50,0,0,
25875,38,2,342635,13,0,5,2,0,0,0,0,70,0,0,
801,43,4,154538,12,1,1,3,0,0,0,0,40,0,0,
15541,50,2,192654,6,2,1,3,0,0,0,0,25,0,0,
24669,36,5,331902,10,1,8,5,0,1,0,0,35,0,0,
7039,19,4,206874,11,2,8,1,3,1,0,0,40,0,0,
10349,26,4,190330,13,2,2,3,0,0,0,0,30,0,0,
7533,39,5,287031,14,0,5,2,0,0,0,0,45,0,0,
4644,59,4,381851,5,3,2,5,3,1,0,0,40,0,0,
13482,21,7,173324,10,2,2,1,3,0,0,0,20,0,0,
13454,25,4,172581,13,2,5,3,0,1,0,0,40,0,0,
11995,40,4,92717,9,2,2,5,3,1,0,0,40,0,0,
4958,25,4,108779,14,6,2,1,0,1,0,0,40,0,0,
4514,21,4,191243,10,2,2,1,0,0,0,0,40,0,0,
7578,25,4,53903,10,0,1,2,0,0,0,0,40,0,0,
15151,29,4,213842,10,0,1,2,0,0,0,0,40,0,0,
8648,25,4,282612,11,2,0,5,3,1,0,0,40,0,0,
27890,17,4,56536,7,2,3,1,0,1,1055,0,18,7,7,
1491,32,4,402812,10,0,3,2,0,0,0,0,48,0,0,
14376,25,6,366207,9,2,10,1,0,0,0,0,40,0,0,
25973,26,4,100147,13,0,4,0,0,1,0,0,45,0,0,
3963,30,4,207253,11,0,1,2,0,0,0,0,40,2,2,
18235,53,2,33304,15,0,5,2,0,0,0,0,38,0,0,
6714,48,4,205424,13,1,3,5,0,0,0,0,40,0,0,
4146,36,4,95654,13,0,5,0,0,1,0,0,50,13,13,
24486,63, ?,310396,5,0, ?,2,0,0,5178,0,40,0,0,
29092,29,4,214702,9,2,1,3,0,0,0,1974,35,0,0,
12171,19,4,258633,10,2,2,3,0,1,0,0,30,0,0,
21617,55,4,129762,9,1,8,5,0,1,0,0,40,0,0,
3083,74,3,162340,10,3,4,5,0,0,0,0,40,0,0,
12479,41,7,70884,9,0,0,2,0,0,0,0,40,0,0,
8917,24,4,146706,10,2,2,3,0,1,0,0,30,0,0,
26474,34,2,349148,10,0,1,2,0,0,0,0,40,0,0,
14575,68, ?,191288,4,3, ?,3,0,1,0,0,15,0,0,
26324,60,2,106118,9,0,3,2,0,0,0,0,70,0,0,
26398,25,4,113654,9,6,4,5,0,1,0,0,37,0,0,
25811,47,4,99911,8,4,4,3,0,1,0,0,55,0,0,
14292,40,4,308027,9,3,2,5,3,1,0,0,40,0,0,
24514,32,4,198660,10,0,1,2,0,0,0,0,40,0,0,
20444,23,4,378460,10,2,5,1,0,0,0,0,20,0,0,
23074,34,4,29235,12,1,5,3,0,1,0,0,40,0,0,
21,40,4,193524,16,0,5,2,0,0,0,0,60,0,0,
15442,67,2,268514,13,1,5,3,0,0,0,0,40,0,0,
7151,23,4,200207,9,1,6,1,0,0,0,0,44,0,0,
12339,47,7,148171,16,1,5,5,0,0,0,0,50,23,23,
19906,41,4,282964,10,1,8,3,0,1,0,0,40,0,0,
11428,24,4,291355,10,1,8,3,0,1,0,0,60,0,0,
3610,23,4,215616,9,2,5,3,0,1,0,0,40,1,1,
7914,29,5,187649,9,6,12,4,0,1,0,0,40,0,0,
21699,32, ?,256371,8,2, ?,1,3,1,0,0,40,0,0,
13565,21,4,203055,10,2,7,5,0,0,0,0,40,0,0,
25600,30,6,319280,10,2,1,3,0,0,0,0,40,0,0,
3341,24,4,215443,9,6,2,3,0,0,0,0,40,0,0,
14124,41, ?,339682,3,0, ?,2,0,0,0,0,40,20,20,
31987,45,4,259463,11,0,5,2,0,0,0,0,40,0,0,
29001,28,4,45613,10,2,11,3,0,1,0,0,40,0,0,
28787,33,4,207301,12,1,4,1,0,1,0,0,40,0,0,
5685,24,4,152189,9,2,1,1,0,0,0,0,40,0,0,
4244,24,4,263498,7,2,1,3,0,0,0,0,40,0,0,
21207,50,4,158680,14,0,4,2,0,0,0,0,50,0,0,
11154,29,4,53181,14,0,5,2,0,0,0,0,55,0,0,
21324,26,4,257405,3,2,9,4,3,0,0,0,40,20,20,
10402,56,4,365050,4,2,9,5,3,1,0,0,20,0,0,
6094,31,4,213750,10,2,3,3,0,0,0,0,45,0,0,
25398,80, ?,91901,9,0, ?,2,0,0,0,0,25,0,0,
3039,44,5,33068,8,0,1,2,0,0,0,0,55,0,0,
15154,34,4,134737,13,2,3,1,0,0,0,0,40,0,0,
16605,73,2,102510,4,0,9,2,0,0,6418,0,99,0,0,
19477,41,4,171546,13,0,0,2,0,0,0,0,45,0,0,
10804,34,4,176711,9,2,8,1,0,0,0,0,40,0,0,
15860,22,4,202416,13,2,8,1,0,1,0,0,40,0,0,
30981,55,5,296085,12,0,5,2,1,0,0,0,40,0,0,
15674,27,4,242207,13,2,0,1,0,1,0,0,40,0,0,
28898,31,4,46807,13,2,0,3,0,0,0,0,40,0,0,
29679,22,4,314525,13,2,5,3,0,0,0,0,40,0,0,
19756,31,4,56510,10,0,1,2,1,0,0,0,40,0,0,
13329,49,3,141058,10,1,4,3,0,0,0,2339,50,0,0,
4774,44,2,27242,10,2,9,1,0,0,0,0,60,0,0,
30352,68,4,171933,4,0,1,2,0,0,0,0,40,0,0,
9775,34,4,344073,9,6,8,3,0,0,0,0,40,0,0,
1971,35,4,330664,10,2,3,3,0,0,0,0,40,0,0,
30752,27,4,44767,9,0,9,2,0,0,0,0,40,0,0,
23382,57,6,42298,14,0,4,2,3,0,15024,0,40,0,0,
4617,36,4,130926,13,1,8,3,0,1,3674,0,40,0,0,
17822,57,3,165881,15,0,5,2,0,0,0,0,40,0,0,
30955,69,4,128348,13,0,4,2,3,0,9386,0,50,0,0,
18995,55,4,419732,10,1,2,5,0,1,0,0,38,0,0,
13124,43,5,33331,14,0,4,2,0,0,0,0,40,0,0,
21019,23,4,346480,9,2,8,3,0,1,0,0,50,0,0,
10375,25,4,150553,5,4,8,5,1,1,0,0,40,19,19,
9983,33,4,409172,13,0,4,1,0,0,0,0,55,0,0,
7129,25,2,108001,5,2,1,3,0,0,0,0,15,0,0,
11986,43,5,35824,14,0,5,0,0,1,0,0,40,0,0,
31925,25,4,74977,10,0,8,0,0,1,0,0,40,0,0,
5002,55,4,151474,13,2,0,4,0,1,0,1590,38,0,0,
2953,22, ?,35448,9,0, ?,0,0,1,0,0,22,0,0,
4603,40,4,210275,9,6,10,5,3,1,0,0,40,0,0,
22379,44, ?,190205,4,0, ?,2,0,0,0,0,25,0,0,
20084,56,5,170217,9,0,1,2,0,0,0,0,40,0,0,
28908,43,4,226902,13,1,7,4,0,0,0,0,40,0,0,
21825,34,7,327902,13,0,5,2,0,0,0,0,55,0,0,
23902,40,4,140559,9,0,11,0,0,1,0,0,45,0,0,
16899,27,4,114967,13,2,3,1,0,0,0,0,40,0,0,
21396,34,4,212163,10,0,3,2,0,0,0,0,25,0,0,
26648,40,5,99679,15,2,4,3,0,0,0,0,60,0,0,
25495,23,4,412248,12,2,2,3,0,1,0,0,25,0,0,
31769,45,4,49298,13,2,0,1,0,0,0,0,40,0,0,
14248,54,5,238257,13,2,5,3,0,0,0,0,50,0,0,
10106,52,4,49243,9,0,7,2,0,0,0,0,40,0,0,
13276,27,4,177351,13,2,3,3,0,0,0,0,45,0,0,
340,45,4,261192,9,0,2,2,3,0,0,0,40,0,0,
5961,18,4,78817,9,2,8,1,0,1,0,0,20,0,0,
27319,40,4,141583,6,2,2,5,3,1,0,0,40,0,0,
7494,66,2,291362,15,0,5,2,0,0,0,0,50,0,0,
7751,23, ?,72953,9,2, ?,3,0,0,0,0,40,0,0,
2486,27,4,297296,9,0,1,2,0,0,0,0,40,0,0,
7965,23,4,361481,6,0,2,2,0,0,0,0,40, ?, ?,
23730,41, ?,211873,11,0, ?,0,0,1,0,1628,5, ?, ?,
27467,68, ?,152157,9,3, ?,3,0,1,0,0,20,0,0,
16125,51,4,194097,9,0,12,2,0,0,0,0,40,0,0,
12572,29,4,108574,11,2,11,1,0,1,0,0,40,0,0,
7987,51,6,190333,10,0,1,2,0,0,0,0,40,0,0,
3601,53,4,209022,7,1,2,3,0,1,0,0,37,0,0,
12639,55,4,49996,7,2,7,3,3,1,0,0,40,0,0,
18534,49,4,165513,10,1,6,5,3,1,0,0,40,0,0,
7029,47,4,221666,10,1,0,5,0,1,0,0,40,0,0,
14412,20,4,88126,10,2,8,1,0,0,0,0,9,2,2,
7064,38,4,26987,9,1,2,5,0,1,0,0,40,0,0,
16276,45,4,162606,9,1,3,3,0,1,0,0,35,0,0,
11467,42,4,157443,13,0,5,0,1,1,0,0,27,27,27,
21059,44,2,172479,9,0,9,2,0,0,15024,0,60,0,0,
12140,45,4,129336,14,0,8,2,0,0,0,0,45,0,0,
11516,69,4,370837,13,1,6,3,0,0,0,0,40,0,0,
17290,44,4,262684,9,1,8,3,0,1,0,1504,45,0,0,
23984,59,4,200700,13,0,1,2,3,0,0,0,48,0,0,
7163,42,6,284403,9,1,8,3,3,0,0,0,40,0,0,
13371,38, ?,70282,14,0, ?,0,3,1,15024,0,2,0,0,
8607,30,3,124420,9,1,4,3,0,0,4650,0,40,0,0,
20406,26,4,244495,9,0,1,2,0,0,0,0,48,0,0,
5955,29,4,201454,10,2,8,3,0,1,0,0,40,0,0,
27973,31,4,151053,10,0,10,2,0,0,5178,0,40,0,0,
24180,24,5,126613,13,2,5,1,0,1,0,0,20,0,0,
21644,34,4,169527,10,0,3,0,0,1,4386,0,20,0,0,
20016,56,2,60166,2,2,4,3,2,0,0,0,65,0,0,
12055,53,5,176557,14,1,5,5,0,1,0,0,50,0,0,
17159,20,4,352139,10,1,2,1,0,1,0,0,29,0,0,
28325,32,4,172375,13,2,5,3,0,0,0,0,38,0,0,
18839,29,4,210498,9,0,1,2,0,0,0,0,40,0,0,
27193,34,4,167497,10,0,4,0,0,1,7688,0,50,0,0,
10118,20, ?,173945,7,0, ?,4,0,1,0,0,39,0,0,
22934,57,3,37345,15,0,5,2,0,0,0,0,36,0,0,
8581,29,2,151476,11,2,8,3,0,1,2174,0,40,0,0,
19244,40,4,183404,10,6,2,5,0,1,0,0,8,0,0,
15583,19,4,63814,10,2,8,3,0,1,0,0,18,0,0,
32378,28,4,180299,9,0,10,2,0,0,0,0,70,0,0,
18279,55,4,49737,10,0,3,2,0,0,0,0,50,0,0,
29563,25,4,363707,9,0,6,2,0,0,0,0,40,0,0,
29196,48,4,155509,9,2,8,3,3,1,0,0,16,37,37,
8876,36,4,194630,10,1,3,5,0,1,0,0,40,0,0,
10407,31,4,103435,13,0,3,2,0,0,0,0,50,0,0,
31905,55,4,100054,6,2,2,3,0,0,0,0,40,0,0,
20068,62,2,39630,9,0,10,2,0,0,0,0,48,0,0,
30339,33,7,119628,16,0,5,2,1,0,0,0,50,39,39,
15100,63,2,420629,11,0,2,2,0,0,0,0,45,0,0,
13168,34,4,56150,7,2,10,5,0,0,0,0,40,0,0,
21336,43,2,194726,9,1,1,1,0,0,0,0,35,0,0,
4931,34,5,303867,5,2,2,1,0,0,0,0,40,0,0,
18540,36,4,235371,9,2,3,3,0,1,0,0,40,0,0,
7726,53,4,30447,9,1,7,3,0,0,0,0,50,0,0,
31142,53,4,191565,2,1,2,5,3,1,0,0,40,24,24,
19460,55,4,193130,9,0,6,2,0,0,0,1887,40,0,0,
16666,65,4,420277,10,0,12,2,0,0,0,0,40,0,0,
13027,79, ?,100881,12,0, ?,0,0,1,0,0,2,0,0,
28482,52,4,95704,5,0,6,2,0,0,0,0,40,0,0,
11781,43,7,129298,14,0,4,2,0,0,0,0,40,0,0,
9326,46,2,320421,13,4,5,3,0,0,0,0,25,0,0,
5521,25,4,222254,9,2,2,3,3,1,0,0,40,0,0,
5571,42,4,266084,10,0,1,2,0,0,7298,0,45,0,0,
15595,34,4,202822,14,2,0,5,3,1,0,0,40, ?, ?,
8184,47,4,256866,9,0,10,2,0,0,0,0,48,0,0,
6996,20, ?,168863,10,2, ?,1,0,1,0,0,20,0,0,
21815,60,4,116707,7,1,12,3,0,0,0,0,40,0,0,
1542,62,4,162245,15,0,5,2,0,0,0,1628,70,0,0,
22670,36,4,116138,9,0,5,2,1,0,0,0,40,3,3,
11382,56,7,175057,13,0,4,2,0,0,0,0,40,0,0,
13227,37,4,75024,9,1,3,5,0,1,0,0,25,1,1,
26553,54,4,189607,13,2,2,1,3,1,0,0,36,0,0,
29718,49,5,215895,14,0,8,2,0,0,0,0,40,16,16,
9138,66,4,166461,7,0,3,2,0,0,0,0,26,0,0,
31083,47,5,140644,10,0,12,2,0,0,0,0,40,0,0,
23556,21,4,180052,10,2,10,1,0,0,0,0,30,0,0,
22196,48,4,192161,13,1,6,3,0,0,0,0,43,0,0,
1709,24,4,67222,13,2,7,3,1,0,0,0,45,11,11,
12780,50,4,172052,9,0,5,2,1,0,0,0,35,10,10,
15452,20,4,131852,9,2,8,3,0,1,0,0,40,0,0,
18116,28,7,155397,13,2,4,3,0,0,0,0,55,0,0,
22577,33,4,275369,4,6,6,3,3,0,0,0,35,28,28,
29606,61,4,178312,12,0,4,2,0,0,0,0,42,0,0,
19992,20,4,117767,10,2,8,1,0,0,0,0,25,0,0,
13851,45,4,265083,3,1,11,5,0,1,0,0,35,20,20,
17525,26,6,52322,13,2,0,3,4,0,0,0,60,0,0,
1891,68,2,197015,9,0,9,2,0,0,0,0,45,0,0,
8433,40,4,139193,9,1,1,3,0,0,0,0,40,0,0,
12839,17,4,126771,8,2,5,1,0,0,0,0,7,0,0,
6393,33,7,208785,10,6,5,3,0,0,10520,0,40,0,0,
26892,45,4,140644,16,1,5,3,0,0,0,0,45,0,0,
4942,33,3,132601,9,0,1,2,0,0,0,0,40,0,0,
25969,34,4,148226,9,2,7,5,3,1,0,0,48,0,0,
17674,19,4,97261,9,2,9,3,0,0,0,0,40,0,0,
21407,37,4,329980,10,0,1,2,0,0,0,0,40,0,0,
5550,51,5,33863,14,0,5,2,0,0,0,0,45,0,0,
20460,32,5,235109,13,0,8,0,0,1,0,0,40,0,0,
10079,48,4,401333,9,1,3,3,0,0,0,0,40,0,0,
23415,36,4,334366,7,6,4,3,0,1,0,0,32,0,0,
12892,51,4,41806,7,0,7,2,0,0,0,0,40,0,0,
31324,23,4,149204,13,2,4,1,0,0,0,0,40,0,0,
31260,42,4,180019,9,2,2,3,0,1,0,0,65,0,0,
23482,23,4,181820,9,6,1,1,0,0,0,0,53,0,0,
8311,69,4,113035,2,3,11,3,3,1,0,0,4,0,0,
7166,20,7,340475,10,2,8,1,0,1,0,0,10,0,0,
19161,36,2,48093,10,0,3,2,0,0,0,0,92,0,0,
8644,43, ?,116632,10,0, ?,2,0,0,0,0,45,0,0,
17158,51,2,205100,9,0,4,0,0,1,0,0,40,0,0,
25370,41,2,375574,10,0,3,2,0,0,0,0,60,20,20,
5430,53,4,283602,13,1,3,3,0,1,13550,0,43,0,0,
13064,20,7,334113,10,0,2,2,0,0,0,0,40,0,0,
15234,42,2,53956,9,1,4,5,0,0,0,0,55,0,0,
28042,48,4,70668,9,0,7,0,0,1,0,0,50,0,0,
29902,41,4,197372,9,0,1,2,0,0,0,0,60,0,0,
28488,45,4,192323,12,0,1,2,0,0,0,0,66,35,35,
21776,61,2,390472,9,0,9,2,0,0,0,0,40,0,0,
30689,47,4,162494,10,1,3,5,0,1,0,0,45,0,0,
16680,20, ?,34321,10,2, ?,1,0,1,0,0,30,0,0,
18620,63,2,52144,10,3,4,3,0,0,0,0,35,0,0,
10862,43,4,174196,9,2,2,5,3,1,0,0,40,0,0,
11217,66,4,116468,14,0,5,2,0,0,2936,0,20,0,0,
647,31,5,402089,9,1,8,5,0,1,0,0,40,0,0,
16237,27,4,472070,11,2,7,3,0,0,0,0,40,0,0,
28127,34,4,212781,13,0,4,2,0,0,0,0,40,0,0,
204,42,5,254817,10,2,5,3,0,1,0,1340,40,0,0,
2327,37,4,200863,10,3,1,5,0,0,0,0,40,0,0,
5303,21, ?,180339,10,2, ?,1,0,1,0,0,25,0,0,
24872,27,5,170504,13,2,10,3,0,1,0,0,40,0,0,
23737,32,4,44675,16,0,5,2,0,0,0,0,65,0,0,
31378,40,4,110622,15,0,8,4,1,1,0,0,40,15,15,
15060,21,4,243368,1,2,9,3,0,0,0,0,50,20,20,
2402,20,4,137651,10,2,7,1,2,0,0,0,40,0,0,
20946,19,4,231972,7,2,8,1,0,1,0,0,20,0,0,
24489,24,4,172496,13,2,0,3,0,0,0,0,55,0,0,
4426,29,4,209301,13,0,1,2,0,0,0,0,40,1,1,
12802,26,3,176981,13,2,8,1,0,1,0,0,50,0,0,
7263,31,4,191001,9,2,3,3,0,1,0,0,40,0,0,
1871,40,4,173607,6,0,10,2,0,0,0,0,40,0,0,
12778,48,4,247685,10,1,1,3,0,0,3325,0,40,0,0,
2096,49,4,168211,10,0,1,2,0,0,0,1485,40,0,0,
7291,39,7,201105,13,0,4,0,0,1,0,0,55,0,0,
1764,28,4,215873,6,2,7,1,3,0,0,0,45,0,0,
21632,71, ?,45801,9,0, ?,2,0,0,0,0,70,0,0,
9609,40,4,103474,9,0,3,0,0,1,0,0,30,0,0,
3251,49,7,203039,7,0,8,2,0,0,0,0,40,0,0,
2321,40,4,234633,10,2,1,3,0,0,0,0,40,0,0,
28411,23,4,185106,9,2,6,1,3,0,0,0,40,0,0,
24338,62,5,68268,9,0,10,2,0,0,0,0,40,0,0,
26349,59, ?,375049,9,0, ?,2,0,0,0,0,41,0,0,
31689,34,3,343789,13,0,4,2,0,0,7688,0,55,0,0,
3343,40,4,181015,9,6,2,5,0,1,0,0,47,0,0,
3196,30,4,125279,9,4,3,5,0,0,0,0,40,0,0,
25772,44,4,187629,12,2,1,3,0,0,0,0,25,0,0,
25312,29,4,82242,15,2,5,5,0,0,27828,0,45,5,5,
305,24,4,303296,10,0,8,0,1,1,0,0,40,25,25,
25132,49,2,215096,5,1,2,3,0,1,0,0,20,0,0,
23529,72,6,217864,9,0,8,2,0,0,0,0,40,0,0,
20327,26,4,59367,13,2,7,4,0,0,0,0,40,0,0,
15513,24,4,314165,10,2,4,1,0,0,0,0,20,0,0,
5053,39,4,56648,9,6,3,3,0,1,0,0,47,0,0,
265,26,4,378322,7,0,1,2,0,0,0,0,40,0,0,
14594,27,4,179915,13,2,4,1,0,1,0,0,99,0,0,
15878,37,4,79586,13,0,4,2,1,0,0,0,40,13,13,
12565,64,4,391121,4,0,9,2,0,0,0,0,40,0,0,
14986,50,5,120190,14,1,5,3,0,1,0,0,45,0,0,
23003,38,4,204501,13,0,4,2,0,0,0,0,55,0,0,
1784,39,4,238415,13,0,4,2,0,0,0,0,50,0,0,
11441,67,4,174603,9,2,4,3,0,1,0,0,35,0,0,
25888,31,4,165949,9,1,2,5,0,1,0,0,40,0,0,
26948,25,4,96268,7,1,4,5,0,1,0,0,40,0,0,
7666,45,4,170600,11,1,8,5,3,1,0,0,40,0,0,
11414,17, ?,237078,7,2, ?,1,0,1,0,0,35,0,0,
27628,48,4,189462,10,1,6,1,0,0,2176,0,40,0,0,
27527,23,4,71864,10,2,4,3,0,1,0,0,35,0,0,
9540,52,5,192563,10,1,4,3,0,1,0,0,38,0,0,
4741,33,4,135312,13,2,5,3,0,0,0,0,40,0,0,
22696,33,4,288273,8,6,8,5,0,1,1471,0,40,0,0,
3347,27,4,58654,11,6,8,5,0,1,0,0,40,0,0,
1088,29,4,201954,13,2,4,3,0,0,0,0,35,0,0,
32216,55,4,176897,10,1,0,3,0,0,0,0,40,0,0,
1125,48,4,95244,10,1,2,5,3,1,0,0,35,0,0,
10908,25,4,88922,9,0,10,2,3,0,0,0,40,0,0,
29495,39,7,142897,11,2,4,5,0,1,0,0,50,0,0,
19895,23,5,324637,10,2,8,3,0,0,0,0,30,0,0,
9227,42,4,152568,9,3,3,5,2,1,0,0,40,0,0,
23779,68,4,168794,4,0,2,2,0,0,0,0,30,0,0,
26880,41,4,178431,9,0,1,2,1,0,0,0,40,27,27,
10129,17,4,186677,7,2,6,1,0,0,0,0,12,0,0,
15874,58,4,314153,9,0,1,2,0,0,0,0,40,0,0,
22473,25,4,267431,13,2,5,1,3,1,0,0,55,0,0,
20671,40,6,241895,9,0,8,2,0,0,0,0,40,0,0,
20750,37,4,120074,9,2,10,3,0,0,0,0,40,0,0,
31509,48,7,50748,13,1,8,5,0,1,0,0,40,0,0,
13364,21,4,203076,9,2,6,1,0,0,0,0,35,0,0,
3848,44,4,103459,9,0,3,0,0,1,0,0,40,0,0,
16949,27,4,29732,13,2,5,3,0,1,4865,0,36,0,0,
7252,18,4,236262,7,2,6,1,0,0,0,0,12,0,0,
15671,31,4,145139,13,0,1,2,0,0,0,0,40,0,0,
11927,43,4,186188,10,1,8,5,0,1,0,0,40,0,0,
31679,61,6,181081,9,1,8,1,3,1,0,0,20,0,0,
12510,36,4,193855,9,0,1,2,0,0,0,0,40,0,0,
7385,37,4,172538,9,2,7,1,0,0,0,0,40,0,0,
20078,35,4,183892,6,0,1,2,0,0,0,0,40,0,0,
4399,24,4,137591,10,2,3,1,0,0,0,1762,40,0,0,
31163,52,4,386397,13,0,4,2,0,0,0,0,45,0,0,
16590,34,4,271933,14,2,4,5,0,1,0,0,50,0,0,
5253,24,4,157332,10,2,7,1,0,1,0,0,42,0,0,
20030,22, ?,34506,10,6, ?,5,0,1,0,0,25,0,0,
31754,20, ?,71788,10,2, ?,1,0,1,0,0,18,0,0,
21538,51, ?,177487,9,0, ?,2,0,0,0,0,40,0,0,
13491,29,4,197618,9,2,8,3,0,1,0,0,40,0,0,
10413,31,4,219318,9,2,8,5,0,1,0,0,35,4,4,
26897,47,3,205100,9,0,5,2,0,0,0,0,38,5,5,
4632,19,4,299050,10,2,8,1,0,0,0,0,20,0,0,
6209,35,6,287031,14,2,4,3,0,0,8614,0,40,0,0,
28875,68,5,144761,9,3,12,3,0,0,0,1668,20,0,0,
9921,47,2,112200,13,2,4,3,3,0,10520,0,45,0,0,
11698,55,4,213894,7,6,8,5,3,1,0,0,40,0,0,
25240,18,2,29582,7,2,1,1,0,0,0,0,40,0,0,
6226,36,4,383518,10,0,8,0,3,1,99999,0,40,0,0,
572,51,4,95469,9,0,5,2,0,0,0,0,40,0,0,
13090,30,2,226535,4,0,9,2,0,0,0,0,40,20,20,
15555,22,4,448626,10,2,3,1,0,0,0,0,40,0,0,
13580,29,7,33798,10,1,8,1,0,0,0,0,20,0,0,
11036,38,4,112093,7,0,10,2,0,0,0,0,40,0,0,
27892,50,4,177927,9,1,12,3,0,0,0,0,40,0,0,
14650,24,4,275093,9,2,6,3,0,1,0,0,36,0,0,
17181,45,4,223319,10,1,3,1,0,0,0,0,45,0,0,
31023,53,4,239284,9,1,8,5,0,1,0,0,40,0,0,
24931,33,4,34848,10,0,2,2,0,0,0,0,40,0,0,
6723,38,2,180220,9,0,1,2,0,0,0,0,60,0,0,
9938,31,3,49923,9,0,4,2,0,0,0,0,40,0,0,
32313,34,4,346034,8,4,6,5,0,0,0,0,35,20,20,
18823,38,4,52963,13,2,8,3,0,1,0,0,50,0,0,
24484,39,3,124685,14,1,4,3,1,0,0,0,99,8,8,
11994,36,5,241998,13,0,5,2,0,0,0,1672,50,0,0,
24752,39,4,172538,9,2,7,5,0,0,0,0,40,0,0,
17301,41,7,88913,12,1,5,5,1,1,0,0,36,0,0,
29409,36,4,68089,9,2,7,5,2,1,0,0,40,0,0,
5962,24,4,200967,9,0,1,0,0,1,0,0,36,0,0,
9081,20,2,217404,6,2,7,1,0,0,0,0,40,0,0,
3056,34,2,96245,9,0,7,2,0,0,0,0,40,0,0,
6772,20,4,233624,9,2,1,1,0,0,0,0,40,0,0,
31435,39,4,198841,14,0,5,2,0,0,7688,0,45,0,0,
9533,43,4,153160,10,0,8,0,0,1,0,0,40,0,0,
23355,76,4,199949,13,0,8,2,0,0,20051,0,50,0,0,
25275,49,5,269527,14,0,5,2,0,0,7298,0,40,0,0,
3391,45,4,214627,16,3,5,5,0,0,15020,0,40,13,13,
7707,34,4,309513,9,0,7,2,0,0,0,0,40,0,0,
8703,45,4,235924,13,1,4,1,0,1,0,0,40,0,0,
32270,37,4,249720,11,4,3,5,3,1,0,0,32,0,0,
3793,53,6,117847,12,0,8,2,0,0,0,0,40,0,0,
31881,59,2,83542,12,1,0,3,0,0,0,0,40,0,0,
31713,24,4,280960,9,0,7,0,0,1,0,0,24,0,0,
4409,52,4,29658,9,0,8,2,0,0,0,0,40,0,0,
29114,44,4,340885,13,0,7,2,0,0,0,1977,40,0,0,
18533,59,2,190514,7,0,1,2,0,0,0,0,20,0,0,
12717,28,4,224506,10,0,3,2,3,0,0,0,40, ?, ?,
14464,22,4,164775,5,2,7,5,0,0,0,0,40,31,31,
22718,26,5,213451,10,2,2,1,3,1,0,0,10,18,18,
2653,34,4,213226,13,0,5,2,0,0,0,0,40,13,13,
10910,47,2,165468,9,0,7,2,0,0,7298,0,40,0,0,
21889,17,4,171080,8,2,6,1,0,0,0,0,20,0,0,
10191,40,4,316820,4,0,3,2,0,0,4064,0,40,0,0,
26735,30,4,275632,9,0,7,2,0,0,0,0,45,0,0,
6918,24,4,284317,13,2,2,1,0,1,0,0,30,0,0,
16009,35,7,172327,13,6,4,3,0,0,0,0,42,0,0,
8875,45,4,89028,9,1,1,3,1,0,10520,0,40,0,0,
6173,56,4,435022,10,1,2,3,0,1,0,0,50,0,0,
30558,20,7,158206,12,2,5,3,0,0,0,0,30,0,0,
10342,23,4,154210,10,2,8,4,1,0,0,0,14,4,4,
15380,28,4,77760,9,2,2,5,0,0,0,0,40,0,0,
900,28,4,109165,9,0,0,2,0,0,0,0,40,0,0,
17596,33,4,301867,10,2,8,5,1,1,0,0,35,0,0,
20706,33,5,156015,11,0,0,2,0,0,0,0,40,0,0,
19164,19,4,170800,9,2,1,1,0,0,0,0,60,0,0,
10347,22,4,239612,9,2,8,1,0,0,0,0,20,0,0,
28638,27,4,176683,12,2,3,3,0,0,0,0,52,0,0,
20126,62,4,252668,14,2,5,3,0,0,0,0,70,0,0,
9734,69,4,102874,9,3,8,3,0,1,0,0,24,0,0,
12475,36,4,133974,11,1,3,5,0,1,0,0,40,0,0,
5157,73, ?,180603,9,3, ?,3,0,1,0,0,8,0,0,
27716,19,4,72355,10,2,2,3,0,0,0,0,20,0,0,
30625,35, ?,98389,10,2, ?,5,0,0,0,0,10,0,0,
18110,58,2,193434,9,0,1,2,0,0,0,0,20,0,0,
10589,19,4,250818,10,2,8,3,0,0,0,0,40,0,0,
32020,23,4,162228,13,2,3,3,0,0,0,0,48,0,0,
7545,29,4,177651,10,2,4,3,0,0,0,0,45,0,0,
19683,35,4,62333,13,2,5,3,0,1,0,0,40,0,0,
3476,34,4,114691,10,0,4,2,0,0,0,0,50,0,0,
15646,33,4,172498,10,1,6,1,0,0,0,0,40,0,0,
3195,28,4,430084,9,1,2,1,3,0,0,0,35,0,0,
5177,25,4,159662,9,0,3,1,0,0,0,0,26,0,0,
9091,31,4,157078,6,2,8,5,0,1,0,0,40,0,0,
18754,18, ?,127388,10,2, ?,1,0,1,0,0,40,0,0,
23502,29,4,224421,11,5,9,2,0,0,0,0,44,0,0,
5317,32,4,152940,12,2,8,1,0,0,0,0,30,0,0,
27829,37,2,286146,9,4,2,5,3,1,0,0,40,0,0,
22757,25,4,294400,4,0,1,2,0,0,0,0,60,0,0,
24421,43,4,129853,6,2,7,3,3,0,0,0,40,0,0,
4724,31,4,211334,10,0,1,2,0,0,2407,0,65,0,0,
11499,33,4,54782,13,0,8,2,0,0,0,1579,42,0,0,
21623,47,4,188195,10,0,5,2,0,0,0,0,40,0,0,
16821,27,4,33429,10,1,8,5,0,1,0,0,40,0,0,
11233,35,4,241001,9,0,7,2,0,0,0,0,44,0,0,
7724,24,4,382146,10,2,5,3,3,0,0,0,40,0,0,
1869,46,4,187226,5,1,2,3,0,0,0,0,25,0,0,
7598,48,7,130561,10,2,5,3,3,1,0,0,24,0,0,
28577,44,4,163331,10,3,8,5,0,1,0,0,32,0,0,
26064,46,4,155654,9,0,2,0,0,1,0,0,40,0,0,
23999,55,6,321333,10,0,8,2,0,0,0,0,40,0,0,
4974,37,4,632613,6,0,9,2,0,0,0,0,35,20,20,
4005,44,4,178134,15,2,5,3,0,1,0,0,40,0,0,
31290,33,5,251521,13,2,4,3,0,1,0,0,50,0,0,
14000,37,4,52221,7,0,10,2,0,0,0,0,40,0,0,
14895,50,4,129673,13,1,4,3,0,1,0,0,50,0,0,
5306,42,6,74680,14,1,8,3,0,0,0,2001,60,0,0,
18775,30,7,158291,13,2,8,3,0,0,0,0,40,0,0,
8691,31,4,326862,10,1,1,1,3,0,0,0,40,0,0,
32213,45,4,178416,11,1,6,3,0,1,0,0,40,0,0,
22184,59,4,158776,5,0,7,2,0,0,0,0,40,0,0,
9078,20,4,266400,10,2,5,1,0,1,0,0,48,0,0,
26008,42,4,92288,14,0,3,2,1,0,0,0,40, ?, ?,
3014,64,7,194894,16,2,5,3,0,1,4787,0,40,0,0,
26379,59,6,178660,12,0,8,2,0,0,0,0,40,0,0,
13716,20,4,314422,9,2,3,1,0,1,0,0,30,0,0,
24255,66,4,140576,4,0,1,2,0,0,0,0,40,0,0,
21254,37,4,278924,9,1,3,3,0,0,0,0,40,0,0,
14264,33,4,318982,10,0,4,2,0,0,0,0,45,0,0,
20122,40,6,26880,10,2,8,5,0,1,0,0,40,0,0,
15,40,4,121772,11,0,1,2,1,0,0,0,40, ?, ?,
6970,46,4,150499,12,0,1,2,0,0,0,0,40,0,0,
22614,39,4,37314,14,2,4,3,0,0,0,0,50,0,0,
6903,34,4,223678,9,2,2,5,2,1,0,0,32,0,0,
26111,51,3,54342,15,1,5,3,0,0,27828,0,60,0,0,
9873,63, ?,68954,9,3, ?,3,3,1,0,0,11,0,0,
22062,28,4,210945,12,0,8,0,3,1,0,0,35,28,28,
29918,33,4,554206,10,2,0,3,3,0,0,0,40,15,15,
3714,41,4,115562,9,1,12,1,0,0,0,0,40,0,0,
4097,59,4,67841,9,0,6,2,0,0,0,0,40,0,0,
21754,22,4,246965,10,2,5,3,0,0,0,0,12,0,0,
13758,48,4,255439,10,2,6,3,0,0,0,0,40,0,0,
26761,40,4,105936,9,4,8,1,0,1,0,0,38,0,0,
31155,23,4,201138,10,2,8,3,0,1,0,0,8,0,0,
2261,25,4,73289,9,2,10,1,0,0,0,0,40,0,0,
14745,50,4,185354,14,1,4,3,0,1,0,0,35,0,0,
22499,45,6,222011,13,0,6,2,0,0,0,0,40,0,0,
2788,20,4,64292,10,2,3,3,0,1,0,0,50,0,0,
31840,28,4,188171,12,2,10,1,0,0,0,0,60,0,0,
8116,25,4,203570,9,6,2,5,3,0,0,0,40,0,0,
1589,22,4,169188,9,2,4,1,0,1,0,0,20,0,0,
22006,28,4,167336,9,0,4,0,0,1,0,0,45,0,0,
25231,33,4,319854,13,6,5,3,0,0,4650,0,35,0,0,
11337,41,7,518030,13,2,12,3,3,0,0,1590,40,4,4,
11749,45,4,108993,9,2,1,1,0,0,0,0,40,0,0,
9205,37,4,241998,13,0,0,2,0,0,0,0,50,0,0,
2564,54,6,175083,9,2,8,5,0,1,0,0,20,0,0,
11716,23,4,175837,7,2,9,4,0,1,0,0,40,4,4,
5707,31,4,459465,10,2,1,3,0,0,0,0,50,0,0,
17184,51,5,156003,9,1,12,3,0,0,0,0,40,0,0,
16154,39,4,114844,13,2,3,3,0,0,0,1876,50,0,0,
30292,19,4,355477,9,2,2,1,3,0,0,0,25,0,0,
10941,29,4,101597,10,1,3,5,0,1,0,0,54,0,0,
32099,45,4,170871,9,0,1,2,0,0,7298,0,60,0,0,
2646,46,4,138626,10,0,1,2,0,0,0,0,40,0,0,
27566,40,3,475322,13,6,1,1,0,0,0,0,50,0,0,
12681,43,4,137126,10,0,4,2,0,0,0,0,40,0,0,
23584,31,5,150324,9,0,1,2,0,0,0,0,40,0,0,
5504,21,4,221955,9,2,7,5,0,0,0,0,40,20,20,
14573,26,4,272669,13,2,3,3,1,0,0,0,20,10,10,
24681,43,6,95902,12,0,5,0,3,1,0,0,40,0,0,
2008,24,4,296045,4,0,1,2,0,0,2635,0,38,0,0,
26117,26,5,219760,9,2,2,4,0,0,0,0,16,0,0,
